{"age": 54.43894389438944, "sex": 0.6798679867986799, "chest_pain": 3.1584158415841586, "blood_pressure": 131.68976897689768, "serum_cholestoral": 246.69306930693068, "fasting_blood_sugar": 0.1485148514851485, "electrocardiographic": 0.9900990099009901, "max_heart_rate": 149.6072607260726, "induced_angina": 0.32673267326732675, "ST_depression": 1.0396039603960396, "slope": 1.6006600660066006, "vessels": 0.6633663366336634, "thal": 4.7227722772277225}