{"age": 9.02373483119838, "sex": 0.46652707030245294, "chest_pain": 0.9585399368696783, "blood_pressure": 17.570681239512478, "serum_cholestoral": 51.6914064726489, "fasting_blood_sugar": 0.3556096038825341, "electrocardiographic": 0.9933280677918277, "max_heart_rate": 22.83722455049312, "induced_angina": 0.4690185854386935, "ST_depression": 1.1591574732421364, "slope": 0.6152084301256651, "vessels": 0.9328323142577896, "thal": 1.9351813785648928}